<animated-vector xmlns:android="http://schemas.android.com/apk/res/android" xmlns:aapt="http://schemas.android.com/aapt"><aapt:attr name="android:drawable"><vector android:height="500dp" android:width="500dp" android:viewportHeight="500" android:viewportWidth="500"><group android:name="_R_G"><group android:name="_R_G_L_5_G"><group android:name="_R_G_L_5_G_L_15_G" android:translateX="258.73" android:translateY="259.73"/><group android:name="_R_G_L_5_G_L_14_G" android:translateX="394.73" android:translateY="259.73"/><group android:name="_R_G_L_5_G_L_13_G" android:translateX="258.73" android:translateY="395.73"/><group android:name="_R_G_L_5_G_L_12_G" android:translateX="394.73" android:translateY="395.73"/><group android:name="_R_G_L_5_G_L_11_G" android:translateX="224.73" android:translateY="498.73"><path android:name="_R_G_L_5_G_L_11_G_D_0_P_0" android:fillColor="#ffffff" android:fillAlpha="1" android:fillType="nonZero" android:pathData=" M-50.73 -95.73 C-50.73,-95.73 -50.73,-59.73 -50.73,-59.73 C-50.73,-55.31 -54.31,-51.73 -58.73,-51.73 C-58.73,-51.73 -94.73,-51.73 -94.73,-51.73 C-99.15,-51.73 -102.73,-55.31 -102.73,-59.73 C-102.73,-59.73 -102.73,-95.73 -102.73,-95.73 C-102.73,-100.15 -99.15,-103.73 -94.73,-103.73 C-94.73,-103.73 -58.73,-103.73 -58.73,-103.73 C-54.31,-103.73 -50.73,-100.15 -50.73,-95.73c "/></group><group android:name="_R_G_L_5_G_L_10_G" android:translateX="292.73" android:translateY="498.73"><path android:name="_R_G_L_5_G_L_10_G_D_0_P_0" android:fillColor="#ffffff" android:fillAlpha="1" android:fillType="nonZero" android:pathData=" M-50.73 -95.73 C-50.73,-95.73 -50.73,-59.73 -50.73,-59.73 C-50.73,-55.31 -54.31,-51.73 -58.73,-51.73 C-58.73,-51.73 -94.73,-51.73 -94.73,-51.73 C-99.15,-51.73 -102.73,-55.31 -102.73,-59.73 C-102.73,-59.73 -102.73,-95.73 -102.73,-95.73 C-102.73,-100.15 -99.15,-103.73 -94.73,-103.73 C-94.73,-103.73 -58.73,-103.73 -58.73,-103.73 C-54.31,-103.73 -50.73,-100.15 -50.73,-95.73c "/></group><group android:name="_R_G_L_5_G_L_9_G" android:translateX="360.73" android:translateY="498.73"><path android:name="_R_G_L_5_G_L_9_G_D_0_P_0" android:fillColor="#ffffff" android:fillAlpha="1" android:fillType="nonZero" android:pathData=" M-50.73 -95.73 C-50.73,-95.73 -50.73,-59.73 -50.73,-59.73 C-50.73,-55.31 -54.31,-51.73 -58.73,-51.73 C-58.73,-51.73 -94.73,-51.73 -94.73,-51.73 C-99.15,-51.73 -102.73,-55.31 -102.73,-59.73 C-102.73,-59.73 -102.73,-95.73 -102.73,-95.73 C-102.73,-100.15 -99.15,-103.73 -94.73,-103.73 C-94.73,-103.73 -58.73,-103.73 -58.73,-103.73 C-54.31,-103.73 -50.73,-100.15 -50.73,-95.73c "/></group><group android:name="_R_G_L_5_G_L_8_G" android:translateX="428.73" android:translateY="498.73"><path android:name="_R_G_L_5_G_L_8_G_D_0_P_0" android:fillColor="#ffffff" android:fillAlpha="1" android:fillType="nonZero" android:pathData=" M-50.73 -95.73 C-50.73,-95.73 -50.73,-59.73 -50.73,-59.73 C-50.73,-55.31 -54.31,-51.73 -58.73,-51.73 C-58.73,-51.73 -94.73,-51.73 -94.73,-51.73 C-99.15,-51.73 -102.73,-55.31 -102.73,-59.73 C-102.73,-59.73 -102.73,-95.73 -102.73,-95.73 C-102.73,-100.15 -99.15,-103.73 -94.73,-103.73 C-94.73,-103.73 -58.73,-103.73 -58.73,-103.73 C-54.31,-103.73 -50.73,-100.15 -50.73,-95.73c "/></group><group android:name="_R_G_L_5_G_L_7_G" android:translateX="224.73" android:translateY="566.73"><path android:name="_R_G_L_5_G_L_7_G_D_0_P_0" android:fillColor="#ffffff" android:fillAlpha="1" android:fillType="nonZero" android:pathData=" M-50.73 -95.73 C-50.73,-95.73 -50.73,-59.73 -50.73,-59.73 C-50.73,-55.31 -54.31,-51.73 -58.73,-51.73 C-58.73,-51.73 -94.73,-51.73 -94.73,-51.73 C-99.15,-51.73 -102.73,-55.31 -102.73,-59.73 C-102.73,-59.73 -102.73,-95.73 -102.73,-95.73 C-102.73,-100.15 -99.15,-103.73 -94.73,-103.73 C-94.73,-103.73 -58.73,-103.73 -58.73,-103.73 C-54.31,-103.73 -50.73,-100.15 -50.73,-95.73c "/></group><group android:name="_R_G_L_5_G_L_6_G" android:translateX="292.73" android:translateY="566.73"><path android:name="_R_G_L_5_G_L_6_G_D_0_P_0" android:fillColor="#ffffff" android:fillAlpha="1" android:fillType="nonZero" android:pathData=" M-50.73 -95.73 C-50.73,-95.73 -50.73,-59.73 -50.73,-59.73 C-50.73,-55.31 -54.31,-51.73 -58.73,-51.73 C-58.73,-51.73 -94.73,-51.73 -94.73,-51.73 C-99.15,-51.73 -102.73,-55.31 -102.73,-59.73 C-102.73,-59.73 -102.73,-95.73 -102.73,-95.73 C-102.73,-100.15 -99.15,-103.73 -94.73,-103.73 C-94.73,-103.73 -58.73,-103.73 -58.73,-103.73 C-54.31,-103.73 -50.73,-100.15 -50.73,-95.73c "/></group><group android:name="_R_G_L_5_G_L_5_G" android:translateX="360.73" android:translateY="566.73"><path android:name="_R_G_L_5_G_L_5_G_D_0_P_0" android:fillColor="#ffffff" android:fillAlpha="1" android:fillType="nonZero" android:pathData=" M-50.73 -95.73 C-50.73,-95.73 -50.73,-59.73 -50.73,-59.73 C-50.73,-55.31 -54.31,-51.73 -58.73,-51.73 C-58.73,-51.73 -94.73,-51.73 -94.73,-51.73 C-99.15,-51.73 -102.73,-55.31 -102.73,-59.73 C-102.73,-59.73 -102.73,-95.73 -102.73,-95.73 C-102.73,-100.15 -99.15,-103.73 -94.73,-103.73 C-94.73,-103.73 -58.73,-103.73 -58.73,-103.73 C-54.31,-103.73 -50.73,-100.15 -50.73,-95.73c "/></group><group android:name="_R_G_L_5_G_L_4_G" android:translateX="428.73" android:translateY="566.73"><path android:name="_R_G_L_5_G_L_4_G_D_0_P_0" android:fillColor="#ffffff" android:fillAlpha="1" android:fillType="nonZero" android:pathData=" M-50.73 -95.73 C-50.73,-95.73 -50.73,-59.73 -50.73,-59.73 C-50.73,-55.31 -54.31,-51.73 -58.73,-51.73 C-58.73,-51.73 -94.73,-51.73 -94.73,-51.73 C-99.15,-51.73 -102.73,-55.31 -102.73,-59.73 C-102.73,-59.73 -102.73,-95.73 -102.73,-95.73 C-102.73,-100.15 -99.15,-103.73 -94.73,-103.73 C-94.73,-103.73 -58.73,-103.73 -58.73,-103.73 C-54.31,-103.73 -50.73,-100.15 -50.73,-95.73c "/></group><group android:name="_R_G_L_5_G_L_3_G" android:translateX="224.73" android:translateY="634.73"><path android:name="_R_G_L_5_G_L_3_G_D_0_P_0" android:fillColor="#ffffff" android:fillAlpha="1" android:fillType="nonZero" android:pathData=" M-50.73 -95.73 C-50.73,-95.73 -50.73,-59.73 -50.73,-59.73 C-50.73,-55.31 -54.31,-51.73 -58.73,-51.73 C-58.73,-51.73 -94.73,-51.73 -94.73,-51.73 C-99.15,-51.73 -102.73,-55.31 -102.73,-59.73 C-102.73,-59.73 -102.73,-95.73 -102.73,-95.73 C-102.73,-100.15 -99.15,-103.73 -94.73,-103.73 C-94.73,-103.73 -58.73,-103.73 -58.73,-103.73 C-54.31,-103.73 -50.73,-100.15 -50.73,-95.73c "/></group><group android:name="_R_G_L_5_G_L_2_G" android:translateX="292.73" android:translateY="634.73"><path android:name="_R_G_L_5_G_L_2_G_D_0_P_0" android:fillColor="#ffffff" android:fillAlpha="1" android:fillType="nonZero" android:pathData=" M-50.73 -95.73 C-50.73,-95.73 -50.73,-59.73 -50.73,-59.73 C-50.73,-55.31 -54.31,-51.73 -58.73,-51.73 C-58.73,-51.73 -94.73,-51.73 -94.73,-51.73 C-99.15,-51.73 -102.73,-55.31 -102.73,-59.73 C-102.73,-59.73 -102.73,-95.73 -102.73,-95.73 C-102.73,-100.15 -99.15,-103.73 -94.73,-103.73 C-94.73,-103.73 -58.73,-103.73 -58.73,-103.73 C-54.31,-103.73 -50.73,-100.15 -50.73,-95.73c "/></group><group android:name="_R_G_L_5_G_L_1_G" android:translateX="360.73" android:translateY="634.73"><path android:name="_R_G_L_5_G_L_1_G_D_0_P_0" android:fillColor="#ffffff" android:fillAlpha="1" android:fillType="nonZero" android:pathData=" M-50.73 -95.73 C-50.73,-95.73 -50.73,-59.73 -50.73,-59.73 C-50.73,-55.31 -54.31,-51.73 -58.73,-51.73 C-58.73,-51.73 -94.73,-51.73 -94.73,-51.73 C-99.15,-51.73 -102.73,-55.31 -102.73,-59.73 C-102.73,-59.73 -102.73,-95.73 -102.73,-95.73 C-102.73,-100.15 -99.15,-103.73 -94.73,-103.73 C-94.73,-103.73 -58.73,-103.73 -58.73,-103.73 C-54.31,-103.73 -50.73,-100.15 -50.73,-95.73c "/></group><group android:name="_R_G_L_5_G_L_0_G" android:translateX="428.73" android:translateY="634.73"><path android:name="_R_G_L_5_G_L_0_G_D_0_P_0" android:fillColor="#ffffff" android:fillAlpha="1" android:fillType="nonZero" android:pathData=" M-50.73 -95.73 C-50.73,-95.73 -50.73,-59.73 -50.73,-59.73 C-50.73,-55.31 -54.31,-51.73 -58.73,-51.73 C-58.73,-51.73 -94.73,-51.73 -94.73,-51.73 C-99.15,-51.73 -102.73,-55.31 -102.73,-59.73 C-102.73,-59.73 -102.73,-95.73 -102.73,-95.73 C-102.73,-100.15 -99.15,-103.73 -94.73,-103.73 C-94.73,-103.73 -58.73,-103.73 -58.73,-103.73 C-54.31,-103.73 -50.73,-100.15 -50.73,-95.73c "/></group></group><group android:name="_R_G_L_4_G"><group android:name="_R_G_L_4_G_L_15_G" android:translateX="258.73" android:translateY="259.73"/><group android:name="_R_G_L_4_G_L_14_G" android:translateX="394.73" android:translateY="259.73"/><group android:name="_R_G_L_4_G_L_13_G" android:translateX="258.73" android:translateY="395.73"/><group android:name="_R_G_L_4_G_L_12_G" android:translateX="394.73" android:translateY="395.73"/><group android:name="_R_G_L_4_G_L_11_G" android:translateX="224.355" android:translateY="293.98"><path android:name="_R_G_L_4_G_L_11_G_D_0_P_0" android:fillColor="#ffffff" android:fillAlpha="1" android:fillType="nonZero" android:pathData=" M-50.73 -95.73 C-50.73,-95.73 -50.73,-59.73 -50.73,-59.73 C-50.73,-55.31 -54.31,-51.73 -58.73,-51.73 C-58.73,-51.73 -94.73,-51.73 -94.73,-51.73 C-99.15,-51.73 -102.73,-55.31 -102.73,-59.73 C-102.73,-59.73 -102.73,-95.73 -102.73,-95.73 C-102.73,-100.15 -99.15,-103.73 -94.73,-103.73 C-94.73,-103.73 -58.73,-103.73 -58.73,-103.73 C-54.31,-103.73 -50.73,-100.15 -50.73,-95.73c "/></group><group android:name="_R_G_L_4_G_L_10_G" android:translateX="292.355" android:translateY="293.98"><path android:name="_R_G_L_4_G_L_10_G_D_0_P_0" android:fillColor="#ffffff" android:fillAlpha="1" android:fillType="nonZero" android:pathData=" M-50.73 -95.73 C-50.73,-95.73 -50.73,-59.73 -50.73,-59.73 C-50.73,-55.31 -54.31,-51.73 -58.73,-51.73 C-58.73,-51.73 -94.73,-51.73 -94.73,-51.73 C-99.15,-51.73 -102.73,-55.31 -102.73,-59.73 C-102.73,-59.73 -102.73,-95.73 -102.73,-95.73 C-102.73,-100.15 -99.15,-103.73 -94.73,-103.73 C-94.73,-103.73 -58.73,-103.73 -58.73,-103.73 C-54.31,-103.73 -50.73,-100.15 -50.73,-95.73c "/></group><group android:name="_R_G_L_4_G_L_9_G" android:translateX="360.355" android:translateY="293.98"><path android:name="_R_G_L_4_G_L_9_G_D_0_P_0" android:fillColor="#ffffff" android:fillAlpha="1" android:fillType="nonZero" android:pathData=" M-50.73 -95.73 C-50.73,-95.73 -50.73,-59.73 -50.73,-59.73 C-50.73,-55.31 -54.31,-51.73 -58.73,-51.73 C-58.73,-51.73 -94.73,-51.73 -94.73,-51.73 C-99.15,-51.73 -102.73,-55.31 -102.73,-59.73 C-102.73,-59.73 -102.73,-95.73 -102.73,-95.73 C-102.73,-100.15 -99.15,-103.73 -94.73,-103.73 C-94.73,-103.73 -58.73,-103.73 -58.73,-103.73 C-54.31,-103.73 -50.73,-100.15 -50.73,-95.73c "/></group><group android:name="_R_G_L_4_G_L_8_G" android:translateX="428.355" android:translateY="293.98"><path android:name="_R_G_L_4_G_L_8_G_D_0_P_0" android:fillColor="#ffffff" android:fillAlpha="1" android:fillType="nonZero" android:pathData=" M-50.73 -95.73 C-50.73,-95.73 -50.73,-59.73 -50.73,-59.73 C-50.73,-55.31 -54.31,-51.73 -58.73,-51.73 C-58.73,-51.73 -94.73,-51.73 -94.73,-51.73 C-99.15,-51.73 -102.73,-55.31 -102.73,-59.73 C-102.73,-59.73 -102.73,-95.73 -102.73,-95.73 C-102.73,-100.15 -99.15,-103.73 -94.73,-103.73 C-94.73,-103.73 -58.73,-103.73 -58.73,-103.73 C-54.31,-103.73 -50.73,-100.15 -50.73,-95.73c "/></group><group android:name="_R_G_L_4_G_L_7_G" android:translateX="224.355" android:translateY="361.98"><path android:name="_R_G_L_4_G_L_7_G_D_0_P_0" android:fillColor="#ffffff" android:fillAlpha="1" android:fillType="nonZero" android:pathData=" M-50.73 -95.73 C-50.73,-95.73 -50.73,-59.73 -50.73,-59.73 C-50.73,-55.31 -54.31,-51.73 -58.73,-51.73 C-58.73,-51.73 -94.73,-51.73 -94.73,-51.73 C-99.15,-51.73 -102.73,-55.31 -102.73,-59.73 C-102.73,-59.73 -102.73,-95.73 -102.73,-95.73 C-102.73,-100.15 -99.15,-103.73 -94.73,-103.73 C-94.73,-103.73 -58.73,-103.73 -58.73,-103.73 C-54.31,-103.73 -50.73,-100.15 -50.73,-95.73c "/></group><group android:name="_R_G_L_4_G_L_6_G" android:translateX="292.355" android:translateY="361.98"><path android:name="_R_G_L_4_G_L_6_G_D_0_P_0" android:fillColor="#ffffff" android:fillAlpha="1" android:fillType="nonZero" android:pathData=" M-50.73 -95.73 C-50.73,-95.73 -50.73,-59.73 -50.73,-59.73 C-50.73,-55.31 -54.31,-51.73 -58.73,-51.73 C-58.73,-51.73 -94.73,-51.73 -94.73,-51.73 C-99.15,-51.73 -102.73,-55.31 -102.73,-59.73 C-102.73,-59.73 -102.73,-95.73 -102.73,-95.73 C-102.73,-100.15 -99.15,-103.73 -94.73,-103.73 C-94.73,-103.73 -58.73,-103.73 -58.73,-103.73 C-54.31,-103.73 -50.73,-100.15 -50.73,-95.73c "/></group><group android:name="_R_G_L_4_G_L_5_G" android:translateX="360.355" android:translateY="361.98"><path android:name="_R_G_L_4_G_L_5_G_D_0_P_0" android:fillColor="#ffffff" android:fillAlpha="1" android:fillType="nonZero" android:pathData=" M-50.73 -95.73 C-50.73,-95.73 -50.73,-59.73 -50.73,-59.73 C-50.73,-55.31 -54.31,-51.73 -58.73,-51.73 C-58.73,-51.73 -94.73,-51.73 -94.73,-51.73 C-99.15,-51.73 -102.73,-55.31 -102.73,-59.73 C-102.73,-59.73 -102.73,-95.73 -102.73,-95.73 C-102.73,-100.15 -99.15,-103.73 -94.73,-103.73 C-94.73,-103.73 -58.73,-103.73 -58.73,-103.73 C-54.31,-103.73 -50.73,-100.15 -50.73,-95.73c "/></group><group android:name="_R_G_L_4_G_L_4_G" android:translateX="428.355" android:translateY="361.98"><path android:name="_R_G_L_4_G_L_4_G_D_0_P_0" android:fillColor="#ffffff" android:fillAlpha="1" android:fillType="nonZero" android:pathData=" M-50.73 -95.73 C-50.73,-95.73 -50.73,-59.73 -50.73,-59.73 C-50.73,-55.31 -54.31,-51.73 -58.73,-51.73 C-58.73,-51.73 -94.73,-51.73 -94.73,-51.73 C-99.15,-51.73 -102.73,-55.31 -102.73,-59.73 C-102.73,-59.73 -102.73,-95.73 -102.73,-95.73 C-102.73,-100.15 -99.15,-103.73 -94.73,-103.73 C-94.73,-103.73 -58.73,-103.73 -58.73,-103.73 C-54.31,-103.73 -50.73,-100.15 -50.73,-95.73c "/></group><group android:name="_R_G_L_4_G_L_3_G" android:translateX="224.355" android:translateY="429.98"><path android:name="_R_G_L_4_G_L_3_G_D_0_P_0" android:fillColor="#ffffff" android:fillAlpha="1" android:fillType="nonZero" android:pathData=" M-50.73 -95.73 C-50.73,-95.73 -50.73,-59.73 -50.73,-59.73 C-50.73,-55.31 -54.31,-51.73 -58.73,-51.73 C-58.73,-51.73 -94.73,-51.73 -94.73,-51.73 C-99.15,-51.73 -102.73,-55.31 -102.73,-59.73 C-102.73,-59.73 -102.73,-95.73 -102.73,-95.73 C-102.73,-100.15 -99.15,-103.73 -94.73,-103.73 C-94.73,-103.73 -58.73,-103.73 -58.73,-103.73 C-54.31,-103.73 -50.73,-100.15 -50.73,-95.73c "/></group><group android:name="_R_G_L_4_G_L_2_G" android:translateX="292.355" android:translateY="429.98"><path android:name="_R_G_L_4_G_L_2_G_D_0_P_0" android:fillColor="#ffffff" android:fillAlpha="1" android:fillType="nonZero" android:pathData=" M-50.73 -95.73 C-50.73,-95.73 -50.73,-59.73 -50.73,-59.73 C-50.73,-55.31 -54.31,-51.73 -58.73,-51.73 C-58.73,-51.73 -94.73,-51.73 -94.73,-51.73 C-99.15,-51.73 -102.73,-55.31 -102.73,-59.73 C-102.73,-59.73 -102.73,-95.73 -102.73,-95.73 C-102.73,-100.15 -99.15,-103.73 -94.73,-103.73 C-94.73,-103.73 -58.73,-103.73 -58.73,-103.73 C-54.31,-103.73 -50.73,-100.15 -50.73,-95.73c "/></group><group android:name="_R_G_L_4_G_L_1_G" android:translateX="360.355" android:translateY="429.98"><path android:name="_R_G_L_4_G_L_1_G_D_0_P_0" android:fillColor="#ffffff" android:fillAlpha="1" android:fillType="nonZero" android:pathData=" M-50.73 -95.73 C-50.73,-95.73 -50.73,-59.73 -50.73,-59.73 C-50.73,-55.31 -54.31,-51.73 -58.73,-51.73 C-58.73,-51.73 -94.73,-51.73 -94.73,-51.73 C-99.15,-51.73 -102.73,-55.31 -102.73,-59.73 C-102.73,-59.73 -102.73,-95.73 -102.73,-95.73 C-102.73,-100.15 -99.15,-103.73 -94.73,-103.73 C-94.73,-103.73 -58.73,-103.73 -58.73,-103.73 C-54.31,-103.73 -50.73,-100.15 -50.73,-95.73c "/></group><group android:name="_R_G_L_4_G_L_0_G" android:translateX="428.355" android:translateY="429.98"><path android:name="_R_G_L_4_G_L_0_G_D_0_P_0" android:fillColor="#ffffff" android:fillAlpha="1" android:fillType="nonZero" android:pathData=" M-50.73 -95.73 C-50.73,-95.73 -50.73,-59.73 -50.73,-59.73 C-50.73,-55.31 -54.31,-51.73 -58.73,-51.73 C-58.73,-51.73 -94.73,-51.73 -94.73,-51.73 C-99.15,-51.73 -102.73,-55.31 -102.73,-59.73 C-102.73,-59.73 -102.73,-95.73 -102.73,-95.73 C-102.73,-100.15 -99.15,-103.73 -94.73,-103.73 C-94.73,-103.73 -58.73,-103.73 -58.73,-103.73 C-54.31,-103.73 -50.73,-100.15 -50.73,-95.73c "/></group></group><group android:name="_R_G_L_3_G"/><group android:name="_R_G_L_2_G" android:pivotX="250" android:pivotY="250" android:rotation="180"/><group android:name="_R_G_L_1_G"/><group android:name="_R_G_L_0_G" android:pivotX="250" android:pivotY="250" android:rotation="180"/></group><group android:name="time_group"/></vector></aapt:attr><target android:name="_R_G_L_5_G_L_11_G"><aapt:attr name="android:animation"><set android:ordering="together"><objectAnimator android:propertyName="translateXY" android:duration="940" android:startOffset="0" android:propertyXName="translateX" android:propertyYName="translateY" android:pathData="M 224.73,498.73C 224.6675,464.605 224.7925,532.855 224.73,498.73"><aapt:attr name="android:interpolator"><pathInterpolator android:pathData="M 0.0,0.0 c0.333,0 0.667,1 1.0,1.0"/></aapt:attr></objectAnimator><objectAnimator android:propertyName="translateXY" android:duration="220" android:startOffset="940" android:propertyXName="translateX" android:propertyYName="translateY" android:pathData="M 224.73,498.73C 224.6675,464.605 224.4175,328.105 224.355,293.98"><aapt:attr name="android:interpolator"><pathInterpolator android:pathData="M 0.0,0.0 c0.333,0 0.667,1 1.0,1.0"/></aapt:attr></objectAnimator></set></aapt:attr></target><target android:name="_R_G_L_5_G_L_11_G"><aapt:attr name="android:animation"><set android:ordering="together"><objectAnimator android:propertyName="scaleX" android:duration="0" android:startOffset="640" android:valueFrom="0" android:valueTo="1" android:valueType="floatType"/></set></aapt:attr></target><target android:name="_R_G_L_5_G_L_10_G"><aapt:attr name="android:animation"><set android:ordering="together"><objectAnimator android:propertyName="translateXY" android:duration="990" android:startOffset="0" android:propertyXName="translateX" android:propertyYName="translateY" android:pathData="M 292.73,498.73C 292.6675,464.605 292.7925,532.855 292.73,498.73"><aapt:attr name="android:interpolator"><pathInterpolator android:pathData="M 0.0,0.0 c0.333,0 0.667,1 1.0,1.0"/></aapt:attr></objectAnimator><objectAnimator android:propertyName="translateXY" android:duration="220" android:startOffset="990" android:propertyXName="translateX" android:propertyYName="translateY" android:pathData="M 292.73,498.73C 292.6675,464.605 292.4175,328.105 292.355,293.98"><aapt:attr name="android:interpolator"><pathInterpolator android:pathData="M 0.0,0.0 c0.333,0 0.667,1 1.0,1.0"/></aapt:attr></objectAnimator></set></aapt:attr></target><target android:name="_R_G_L_5_G_L_10_G"><aapt:attr name="android:animation"><set android:ordering="together"><objectAnimator android:propertyName="scaleX" android:duration="0" android:startOffset="640" android:valueFrom="0" android:valueTo="1" android:valueType="floatType"/></set></aapt:attr></target><target android:name="_R_G_L_5_G_L_9_G"><aapt:attr name="android:animation"><set android:ordering="together"><objectAnimator android:propertyName="translateXY" android:duration="1040" android:startOffset="0" android:propertyXName="translateX" android:propertyYName="translateY" android:pathData="M 360.73,498.73C 360.6675,464.605 360.7925,532.855 360.73,498.73"><aapt:attr name="android:interpolator"><pathInterpolator android:pathData="M 0.0,0.0 c0.333,0 0.667,1 1.0,1.0"/></aapt:attr></objectAnimator><objectAnimator android:propertyName="translateXY" android:duration="220" android:startOffset="1040" android:propertyXName="translateX" android:propertyYName="translateY" android:pathData="M 360.73,498.73C 360.6675,464.605 360.4175,328.105 360.355,293.98"><aapt:attr name="android:interpolator"><pathInterpolator android:pathData="M 0.0,0.0 c0.333,0 0.667,1 1.0,1.0"/></aapt:attr></objectAnimator></set></aapt:attr></target><target android:name="_R_G_L_5_G_L_9_G"><aapt:attr name="android:animation"><set android:ordering="together"><objectAnimator android:propertyName="scaleX" android:duration="0" android:startOffset="640" android:valueFrom="0" android:valueTo="1" android:valueType="floatType"/></set></aapt:attr></target><target android:name="_R_G_L_5_G_L_8_G"><aapt:attr name="android:animation"><set android:ordering="together"><objectAnimator android:propertyName="translateXY" android:duration="1090" android:startOffset="0" android:propertyXName="translateX" android:propertyYName="translateY" android:pathData="M 428.73,498.73C 428.6675,464.605 428.7925,532.855 428.73,498.73"><aapt:attr name="android:interpolator"><pathInterpolator android:pathData="M 0.0,0.0 c0.333,0 0.667,1 1.0,1.0"/></aapt:attr></objectAnimator><objectAnimator android:propertyName="translateXY" android:duration="220" android:startOffset="1090" android:propertyXName="translateX" android:propertyYName="translateY" android:pathData="M 428.73,498.73C 428.6675,464.605 428.4175,328.105 428.355,293.98"><aapt:attr name="android:interpolator"><pathInterpolator android:pathData="M 0.0,0.0 c0.333,0 0.667,1 1.0,1.0"/></aapt:attr></objectAnimator></set></aapt:attr></target><target android:name="_R_G_L_5_G_L_8_G"><aapt:attr name="android:animation"><set android:ordering="together"><objectAnimator android:propertyName="scaleX" android:duration="0" android:startOffset="640" android:valueFrom="0" android:valueTo="1" android:valueType="floatType"/></set></aapt:attr></target><target android:name="_R_G_L_5_G_L_7_G"><aapt:attr name="android:animation"><set android:ordering="together"><objectAnimator android:propertyName="translateXY" android:duration="1140" android:startOffset="0" android:propertyXName="translateX" android:propertyYName="translateY" android:pathData="M 224.73,566.73C 224.6675,532.605 224.7925,600.855 224.73,566.73"><aapt:attr name="android:interpolator"><pathInterpolator android:pathData="M 0.0,0.0 c0.333,0 0.667,1 1.0,1.0"/></aapt:attr></objectAnimator><objectAnimator android:propertyName="translateXY" android:duration="220" android:startOffset="1140" android:propertyXName="translateX" android:propertyYName="translateY" android:pathData="M 224.73,566.73C 224.6675,532.605 224.4175,396.105 224.355,361.98"><aapt:attr name="android:interpolator"><pathInterpolator android:pathData="M 0.0,0.0 c0.333,0 0.667,1 1.0,1.0"/></aapt:attr></objectAnimator></set></aapt:attr></target><target android:name="_R_G_L_5_G_L_7_G"><aapt:attr name="android:animation"><set android:ordering="together"><objectAnimator android:propertyName="scaleX" android:duration="0" android:startOffset="640" android:valueFrom="0" android:valueTo="1" android:valueType="floatType"/></set></aapt:attr></target><target android:name="_R_G_L_5_G_L_6_G"><aapt:attr name="android:animation"><set android:ordering="together"><objectAnimator android:propertyName="translateXY" android:duration="1190" android:startOffset="0" android:propertyXName="translateX" android:propertyYName="translateY" android:pathData="M 292.73,566.73C 292.6675,532.605 292.7925,600.855 292.73,566.73"><aapt:attr name="android:interpolator"><pathInterpolator android:pathData="M 0.0,0.0 c0.333,0 0.667,1 1.0,1.0"/></aapt:attr></objectAnimator><objectAnimator android:propertyName="translateXY" android:duration="220" android:startOffset="1190" android:propertyXName="translateX" android:propertyYName="translateY" android:pathData="M 292.73,566.73C 292.6675,532.605 292.4175,396.105 292.355,361.98"><aapt:attr name="android:interpolator"><pathInterpolator android:pathData="M 0.0,0.0 c0.333,0 0.667,1 1.0,1.0"/></aapt:attr></objectAnimator></set></aapt:attr></target><target android:name="_R_G_L_5_G_L_6_G"><aapt:attr name="android:animation"><set android:ordering="together"><objectAnimator android:propertyName="scaleX" android:duration="0" android:startOffset="640" android:valueFrom="0" android:valueTo="1" android:valueType="floatType"/></set></aapt:attr></target><target android:name="_R_G_L_5_G_L_5_G"><aapt:attr name="android:animation"><set android:ordering="together"><objectAnimator android:propertyName="translateXY" android:duration="1240" android:startOffset="0" android:propertyXName="translateX" android:propertyYName="translateY" android:pathData="M 360.73,566.73C 360.6675,532.605 360.7925,600.855 360.73,566.73"><aapt:attr name="android:interpolator"><pathInterpolator android:pathData="M 0.0,0.0 c0.333,0 0.667,1 1.0,1.0"/></aapt:attr></objectAnimator><objectAnimator android:propertyName="translateXY" android:duration="220" android:startOffset="1240" android:propertyXName="translateX" android:propertyYName="translateY" android:pathData="M 360.73,566.73C 360.6675,532.605 360.4175,396.105 360.355,361.98"><aapt:attr name="android:interpolator"><pathInterpolator android:pathData="M 0.0,0.0 c0.333,0 0.667,1 1.0,1.0"/></aapt:attr></objectAnimator></set></aapt:attr></target><target android:name="_R_G_L_5_G_L_5_G"><aapt:attr name="android:animation"><set android:ordering="together"><objectAnimator android:propertyName="scaleX" android:duration="0" android:startOffset="640" android:valueFrom="0" android:valueTo="1" android:valueType="floatType"/></set></aapt:attr></target><target android:name="_R_G_L_5_G_L_4_G"><aapt:attr name="android:animation"><set android:ordering="together"><objectAnimator android:propertyName="translateXY" android:duration="1290" android:startOffset="0" android:propertyXName="translateX" android:propertyYName="translateY" android:pathData="M 428.73,566.73C 428.6675,532.605 428.7925,600.855 428.73,566.73"><aapt:attr name="android:interpolator"><pathInterpolator android:pathData="M 0.0,0.0 c0.333,0 0.667,1 1.0,1.0"/></aapt:attr></objectAnimator><objectAnimator android:propertyName="translateXY" android:duration="220" android:startOffset="1290" android:propertyXName="translateX" android:propertyYName="translateY" android:pathData="M 428.73,566.73C 428.6675,532.605 428.4175,396.105 428.355,361.98"><aapt:attr name="android:interpolator"><pathInterpolator android:pathData="M 0.0,0.0 c0.333,0 0.667,1 1.0,1.0"/></aapt:attr></objectAnimator></set></aapt:attr></target><target android:name="_R_G_L_5_G_L_4_G"><aapt:attr name="android:animation"><set android:ordering="together"><objectAnimator android:propertyName="scaleX" android:duration="0" android:startOffset="640" android:valueFrom="0" android:valueTo="1" android:valueType="floatType"/></set></aapt:attr></target><target android:name="_R_G_L_5_G_L_3_G"><aapt:attr name="android:animation"><set android:ordering="together"><objectAnimator android:propertyName="translateXY" android:duration="1340" android:startOffset="0" android:propertyXName="translateX" android:propertyYName="translateY" android:pathData="M 224.73,634.73C 224.6675,600.605 224.7925,668.855 224.73,634.73"><aapt:attr name="android:interpolator"><pathInterpolator android:pathData="M 0.0,0.0 c0.333,0 0.667,1 1.0,1.0"/></aapt:attr></objectAnimator><objectAnimator android:propertyName="translateXY" android:duration="220" android:startOffset="1340" android:propertyXName="translateX" android:propertyYName="translateY" android:pathData="M 224.73,634.73C 224.6675,600.605 224.4175,464.105 224.355,429.98"><aapt:attr name="android:interpolator"><pathInterpolator android:pathData="M 0.0,0.0 c0.333,0 0.667,1 1.0,1.0"/></aapt:attr></objectAnimator></set></aapt:attr></target><target android:name="_R_G_L_5_G_L_3_G"><aapt:attr name="android:animation"><set android:ordering="together"><objectAnimator android:propertyName="scaleX" android:duration="0" android:startOffset="640" android:valueFrom="0" android:valueTo="1" android:valueType="floatType"/></set></aapt:attr></target><target android:name="_R_G_L_5_G_L_2_G"><aapt:attr name="android:animation"><set android:ordering="together"><objectAnimator android:propertyName="translateXY" android:duration="1390" android:startOffset="0" android:propertyXName="translateX" android:propertyYName="translateY" android:pathData="M 292.73,634.73C 292.6675,600.605 292.7925,668.855 292.73,634.73"><aapt:attr name="android:interpolator"><pathInterpolator android:pathData="M 0.0,0.0 c0.333,0 0.667,1 1.0,1.0"/></aapt:attr></objectAnimator><objectAnimator android:propertyName="translateXY" android:duration="220" android:startOffset="1390" android:propertyXName="translateX" android:propertyYName="translateY" android:pathData="M 292.73,634.73C 292.6675,600.605 292.4175,464.105 292.355,429.98"><aapt:attr name="android:interpolator"><pathInterpolator android:pathData="M 0.0,0.0 c0.333,0 0.667,1 1.0,1.0"/></aapt:attr></objectAnimator></set></aapt:attr></target><target android:name="_R_G_L_5_G_L_2_G"><aapt:attr name="android:animation"><set android:ordering="together"><objectAnimator android:propertyName="scaleX" android:duration="0" android:startOffset="640" android:valueFrom="0" android:valueTo="1" android:valueType="floatType"/></set></aapt:attr></target><target android:name="_R_G_L_5_G_L_1_G"><aapt:attr name="android:animation"><set android:ordering="together"><objectAnimator android:propertyName="translateXY" android:duration="1440" android:startOffset="0" android:propertyXName="translateX" android:propertyYName="translateY" android:pathData="M 360.73,634.73C 360.6675,600.605 360.7925,668.855 360.73,634.73"><aapt:attr name="android:interpolator"><pathInterpolator android:pathData="M 0.0,0.0 c0.333,0 0.667,1 1.0,1.0"/></aapt:attr></objectAnimator><objectAnimator android:propertyName="translateXY" android:duration="220" android:startOffset="1440" android:propertyXName="translateX" android:propertyYName="translateY" android:pathData="M 360.73,634.73C 360.6675,600.605 360.4175,464.105 360.355,429.98"><aapt:attr name="android:interpolator"><pathInterpolator android:pathData="M 0.0,0.0 c0.333,0 0.667,1 1.0,1.0"/></aapt:attr></objectAnimator></set></aapt:attr></target><target android:name="_R_G_L_5_G_L_1_G"><aapt:attr name="android:animation"><set android:ordering="together"><objectAnimator android:propertyName="scaleX" android:duration="0" android:startOffset="640" android:valueFrom="0" android:valueTo="1" android:valueType="floatType"/></set></aapt:attr></target><target android:name="_R_G_L_5_G_L_0_G"><aapt:attr name="android:animation"><set android:ordering="together"><objectAnimator android:propertyName="translateXY" android:duration="1490" android:startOffset="0" android:propertyXName="translateX" android:propertyYName="translateY" android:pathData="M 428.73,634.73C 428.6675,600.605 428.7925,668.855 428.73,634.73"><aapt:attr name="android:interpolator"><pathInterpolator android:pathData="M 0.0,0.0 c0.333,0 0.667,1 1.0,1.0"/></aapt:attr></objectAnimator><objectAnimator android:propertyName="translateXY" android:duration="220" android:startOffset="1490" android:propertyXName="translateX" android:propertyYName="translateY" android:pathData="M 428.73,634.73C 428.6675,600.605 428.4175,464.105 428.355,429.98"><aapt:attr name="android:interpolator"><pathInterpolator android:pathData="M 0.0,0.0 c0.333,0 0.667,1 1.0,1.0"/></aapt:attr></objectAnimator></set></aapt:attr></target><target android:name="_R_G_L_5_G_L_0_G"><aapt:attr name="android:animation"><set android:ordering="together"><objectAnimator android:propertyName="scaleX" android:duration="0" android:startOffset="640" android:valueFrom="0" android:valueTo="1" android:valueType="floatType"/></set></aapt:attr></target><target android:name="_R_G_L_5_G"><aapt:attr name="android:animation"><set android:ordering="together"><objectAnimator android:propertyName="scaleY" android:duration="0" android:startOffset="2360" android:valueFrom="1" android:valueTo="0" android:valueType="floatType"/></set></aapt:attr></target><target android:name="_R_G_L_4_G_L_15_G"><aapt:attr name="android:animation"><set android:ordering="together"><objectAnimator android:propertyName="scaleX" android:duration="0" android:startOffset="2360" android:valueFrom="0" android:valueTo="1" android:valueType="floatType"/></set></aapt:attr></target><target android:name="_R_G_L_4_G_L_14_G"><aapt:attr name="android:animation"><set android:ordering="together"><objectAnimator android:propertyName="scaleX" android:duration="0" android:startOffset="2360" android:valueFrom="0" android:valueTo="1" android:valueType="floatType"/></set></aapt:attr></target><target android:name="_R_G_L_4_G_L_13_G"><aapt:attr name="android:animation"><set android:ordering="together"><objectAnimator android:propertyName="scaleX" android:duration="0" android:startOffset="2360" android:valueFrom="0" android:valueTo="1" android:valueType="floatType"/></set></aapt:attr></target><target android:name="_R_G_L_4_G_L_12_G"><aapt:attr name="android:animation"><set android:ordering="together"><objectAnimator android:propertyName="scaleX" android:duration="0" android:startOffset="2360" android:valueFrom="0" android:valueTo="1" android:valueType="floatType"/></set></aapt:attr></target><target android:name="_R_G_L_4_G_L_11_G"><aapt:attr name="android:animation"><set android:ordering="together"><objectAnimator android:propertyName="translateXY" android:duration="1120" android:startOffset="2360" android:propertyXName="translateX" android:propertyYName="translateY" android:pathData="M 224.355,293.98C 224.4175,328.105 224.2925,259.855 224.355,293.98"><aapt:attr name="android:interpolator"><pathInterpolator android:pathData="M 0.0,0.0 c0.167,0 0.833,1 1.0,1.0"/></aapt:attr></objectAnimator><objectAnimator android:propertyName="translateXY" android:duration="200" android:startOffset="3480" android:propertyXName="translateX" android:propertyYName="translateY" android:pathData="M 224.355,293.98C 224.4175,328.105 224.6675,464.605 224.73,498.73"><aapt:attr name="android:interpolator"><pathInterpolator android:pathData="M 0.0,0.0 c0.167,0 0.833,1 1.0,1.0"/></aapt:attr></objectAnimator></set></aapt:attr></target><target android:name="_R_G_L_4_G_L_11_G"><aapt:attr name="android:animation"><set android:ordering="together"><objectAnimator android:propertyName="scaleX" android:duration="0" android:startOffset="2360" android:valueFrom="0" android:valueTo="1" android:valueType="floatType"/></set></aapt:attr></target><target android:name="_R_G_L_4_G_L_10_G"><aapt:attr name="android:animation"><set android:ordering="together"><objectAnimator android:propertyName="translateXY" android:duration="1080" android:startOffset="2360" android:propertyXName="translateX" android:propertyYName="translateY" android:pathData="M 292.355,293.98C 292.4175,328.105 292.2925,259.855 292.355,293.98"><aapt:attr name="android:interpolator"><pathInterpolator android:pathData="M 0.0,0.0 c0.167,0 0.833,1 1.0,1.0"/></aapt:attr></objectAnimator><objectAnimator android:propertyName="translateXY" android:duration="200" android:startOffset="3440" android:propertyXName="translateX" android:propertyYName="translateY" android:pathData="M 292.355,293.98C 292.4175,328.105 292.6675,464.605 292.73,498.73"><aapt:attr name="android:interpolator"><pathInterpolator android:pathData="M 0.0,0.0 c0.167,0 0.833,1 1.0,1.0"/></aapt:attr></objectAnimator></set></aapt:attr></target><target android:name="_R_G_L_4_G_L_10_G"><aapt:attr name="android:animation"><set android:ordering="together"><objectAnimator android:propertyName="scaleX" android:duration="0" android:startOffset="2360" android:valueFrom="0" android:valueTo="1" android:valueType="floatType"/></set></aapt:attr></target><target android:name="_R_G_L_4_G_L_9_G"><aapt:attr name="android:animation"><set android:ordering="together"><objectAnimator android:propertyName="translateXY" android:duration="1040" android:startOffset="2360" android:propertyXName="translateX" android:propertyYName="translateY" android:pathData="M 360.355,293.98C 360.4175,328.105 360.2925,259.855 360.355,293.98"><aapt:attr name="android:interpolator"><pathInterpolator android:pathData="M 0.0,0.0 c0.167,0 0.833,1 1.0,1.0"/></aapt:attr></objectAnimator><objectAnimator android:propertyName="translateXY" android:duration="200" android:startOffset="3400" android:propertyXName="translateX" android:propertyYName="translateY" android:pathData="M 360.355,293.98C 360.4175,328.105 360.6675,464.605 360.73,498.73"><aapt:attr name="android:interpolator"><pathInterpolator android:pathData="M 0.0,0.0 c0.167,0 0.833,1 1.0,1.0"/></aapt:attr></objectAnimator></set></aapt:attr></target><target android:name="_R_G_L_4_G_L_9_G"><aapt:attr name="android:animation"><set android:ordering="together"><objectAnimator android:propertyName="scaleX" android:duration="0" android:startOffset="2360" android:valueFrom="0" android:valueTo="1" android:valueType="floatType"/></set></aapt:attr></target><target android:name="_R_G_L_4_G_L_8_G"><aapt:attr name="android:animation"><set android:ordering="together"><objectAnimator android:propertyName="translateXY" android:duration="1000" android:startOffset="2360" android:propertyXName="translateX" android:propertyYName="translateY" android:pathData="M 428.355,293.98C 428.4175,328.105 428.2925,259.855 428.355,293.98"><aapt:attr name="android:interpolator"><pathInterpolator android:pathData="M 0.0,0.0 c0.167,0 0.833,1 1.0,1.0"/></aapt:attr></objectAnimator><objectAnimator android:propertyName="translateXY" android:duration="200" android:startOffset="3360" android:propertyXName="translateX" android:propertyYName="translateY" android:pathData="M 428.355,293.98C 428.4175,328.105 428.6675,464.605 428.73,498.73"><aapt:attr name="android:interpolator"><pathInterpolator android:pathData="M 0.0,0.0 c0.167,0 0.833,1 1.0,1.0"/></aapt:attr></objectAnimator></set></aapt:attr></target><target android:name="_R_G_L_4_G_L_8_G"><aapt:attr name="android:animation"><set android:ordering="together"><objectAnimator android:propertyName="scaleX" android:duration="0" android:startOffset="2360" android:valueFrom="0" android:valueTo="1" android:valueType="floatType"/></set></aapt:attr></target><target android:name="_R_G_L_4_G_L_7_G"><aapt:attr name="android:animation"><set android:ordering="together"><objectAnimator android:propertyName="translateXY" android:duration="960" android:startOffset="2360" android:propertyXName="translateX" android:propertyYName="translateY" android:pathData="M 224.355,361.98C 224.4175,396.105 224.2925,327.855 224.355,361.98"><aapt:attr name="android:interpolator"><pathInterpolator android:pathData="M 0.0,0.0 c0.167,0 0.833,1 1.0,1.0"/></aapt:attr></objectAnimator><objectAnimator android:propertyName="translateXY" android:duration="200" android:startOffset="3320" android:propertyXName="translateX" android:propertyYName="translateY" android:pathData="M 224.355,361.98C 224.4175,396.105 224.6675,532.605 224.73,566.73"><aapt:attr name="android:interpolator"><pathInterpolator android:pathData="M 0.0,0.0 c0.167,0 0.833,1 1.0,1.0"/></aapt:attr></objectAnimator></set></aapt:attr></target><target android:name="_R_G_L_4_G_L_7_G"><aapt:attr name="android:animation"><set android:ordering="together"><objectAnimator android:propertyName="scaleX" android:duration="0" android:startOffset="2360" android:valueFrom="0" android:valueTo="1" android:valueType="floatType"/></set></aapt:attr></target><target android:name="_R_G_L_4_G_L_6_G"><aapt:attr name="android:animation"><set android:ordering="together"><objectAnimator android:propertyName="translateXY" android:duration="920" android:startOffset="2360" android:propertyXName="translateX" android:propertyYName="translateY" android:pathData="M 292.355,361.98C 292.4175,396.105 292.2925,327.855 292.355,361.98"><aapt:attr name="android:interpolator"><pathInterpolator android:pathData="M 0.0,0.0 c0.167,0 0.833,1 1.0,1.0"/></aapt:attr></objectAnimator><objectAnimator android:propertyName="translateXY" android:duration="200" android:startOffset="3280" android:propertyXName="translateX" android:propertyYName="translateY" android:pathData="M 292.355,361.98C 292.4175,396.105 292.6675,532.605 292.73,566.73"><aapt:attr name="android:interpolator"><pathInterpolator android:pathData="M 0.0,0.0 c0.167,0 0.833,1 1.0,1.0"/></aapt:attr></objectAnimator></set></aapt:attr></target><target android:name="_R_G_L_4_G_L_6_G"><aapt:attr name="android:animation"><set android:ordering="together"><objectAnimator android:propertyName="scaleX" android:duration="0" android:startOffset="2360" android:valueFrom="0" android:valueTo="1" android:valueType="floatType"/></set></aapt:attr></target><target android:name="_R_G_L_4_G_L_5_G"><aapt:attr name="android:animation"><set android:ordering="together"><objectAnimator android:propertyName="translateXY" android:duration="880" android:startOffset="2360" android:propertyXName="translateX" android:propertyYName="translateY" android:pathData="M 360.355,361.98C 360.4175,396.105 360.2925,327.855 360.355,361.98"><aapt:attr name="android:interpolator"><pathInterpolator android:pathData="M 0.0,0.0 c0.167,0 0.833,1 1.0,1.0"/></aapt:attr></objectAnimator><objectAnimator android:propertyName="translateXY" android:duration="200" android:startOffset="3240" android:propertyXName="translateX" android:propertyYName="translateY" android:pathData="M 360.355,361.98C 360.4175,396.105 360.6675,532.605 360.73,566.73"><aapt:attr name="android:interpolator"><pathInterpolator android:pathData="M 0.0,0.0 c0.167,0 0.833,1 1.0,1.0"/></aapt:attr></objectAnimator></set></aapt:attr></target><target android:name="_R_G_L_4_G_L_5_G"><aapt:attr name="android:animation"><set android:ordering="together"><objectAnimator android:propertyName="scaleX" android:duration="0" android:startOffset="2360" android:valueFrom="0" android:valueTo="1" android:valueType="floatType"/></set></aapt:attr></target><target android:name="_R_G_L_4_G_L_4_G"><aapt:attr name="android:animation"><set android:ordering="together"><objectAnimator android:propertyName="translateXY" android:duration="840" android:startOffset="2360" android:propertyXName="translateX" android:propertyYName="translateY" android:pathData="M 428.355,361.98C 428.4175,396.105 428.2925,327.855 428.355,361.98"><aapt:attr name="android:interpolator"><pathInterpolator android:pathData="M 0.0,0.0 c0.167,0 0.833,1 1.0,1.0"/></aapt:attr></objectAnimator><objectAnimator android:propertyName="translateXY" android:duration="200" android:startOffset="3200" android:propertyXName="translateX" android:propertyYName="translateY" android:pathData="M 428.355,361.98C 428.4175,396.105 428.6675,532.605 428.73,566.73"><aapt:attr name="android:interpolator"><pathInterpolator android:pathData="M 0.0,0.0 c0.167,0 0.833,1 1.0,1.0"/></aapt:attr></objectAnimator></set></aapt:attr></target><target android:name="_R_G_L_4_G_L_4_G"><aapt:attr name="android:animation"><set android:ordering="together"><objectAnimator android:propertyName="scaleX" android:duration="0" android:startOffset="2360" android:valueFrom="0" android:valueTo="1" android:valueType="floatType"/></set></aapt:attr></target><target android:name="_R_G_L_4_G_L_3_G"><aapt:attr name="android:animation"><set android:ordering="together"><objectAnimator android:propertyName="translateXY" android:duration="800" android:startOffset="2360" android:propertyXName="translateX" android:propertyYName="translateY" android:pathData="M 224.355,429.98C 224.4175,464.105 224.2925,395.855 224.355,429.98"><aapt:attr name="android:interpolator"><pathInterpolator android:pathData="M 0.0,0.0 c0.167,0 0.833,1 1.0,1.0"/></aapt:attr></objectAnimator><objectAnimator android:propertyName="translateXY" android:duration="200" android:startOffset="3160" android:propertyXName="translateX" android:propertyYName="translateY" android:pathData="M 224.355,429.98C 224.4175,464.105 224.6675,600.605 224.73,634.73"><aapt:attr name="android:interpolator"><pathInterpolator android:pathData="M 0.0,0.0 c0.167,0 0.833,1 1.0,1.0"/></aapt:attr></objectAnimator></set></aapt:attr></target><target android:name="_R_G_L_4_G_L_3_G"><aapt:attr name="android:animation"><set android:ordering="together"><objectAnimator android:propertyName="scaleX" android:duration="0" android:startOffset="2360" android:valueFrom="0" android:valueTo="1" android:valueType="floatType"/></set></aapt:attr></target><target android:name="_R_G_L_4_G_L_2_G"><aapt:attr name="android:animation"><set android:ordering="together"><objectAnimator android:propertyName="translateXY" android:duration="760" android:startOffset="2360" android:propertyXName="translateX" android:propertyYName="translateY" android:pathData="M 292.355,429.98C 292.4175,464.105 292.2925,395.855 292.355,429.98"><aapt:attr name="android:interpolator"><pathInterpolator android:pathData="M 0.0,0.0 c0.167,0 0.833,1 1.0,1.0"/></aapt:attr></objectAnimator><objectAnimator android:propertyName="translateXY" android:duration="200" android:startOffset="3120" android:propertyXName="translateX" android:propertyYName="translateY" android:pathData="M 292.355,429.98C 292.4175,464.105 292.6675,600.605 292.73,634.73"><aapt:attr name="android:interpolator"><pathInterpolator android:pathData="M 0.0,0.0 c0.167,0 0.833,1 1.0,1.0"/></aapt:attr></objectAnimator></set></aapt:attr></target><target android:name="_R_G_L_4_G_L_2_G"><aapt:attr name="android:animation"><set android:ordering="together"><objectAnimator android:propertyName="scaleX" android:duration="0" android:startOffset="2360" android:valueFrom="0" android:valueTo="1" android:valueType="floatType"/></set></aapt:attr></target><target android:name="_R_G_L_4_G_L_1_G"><aapt:attr name="android:animation"><set android:ordering="together"><objectAnimator android:propertyName="translateXY" android:duration="720" android:startOffset="2360" android:propertyXName="translateX" android:propertyYName="translateY" android:pathData="M 360.355,429.98C 360.4175,464.105 360.2925,395.855 360.355,429.98"><aapt:attr name="android:interpolator"><pathInterpolator android:pathData="M 0.0,0.0 c0.167,0 0.833,1 1.0,1.0"/></aapt:attr></objectAnimator><objectAnimator android:propertyName="translateXY" android:duration="200" android:startOffset="3080" android:propertyXName="translateX" android:propertyYName="translateY" android:pathData="M 360.355,429.98C 360.4175,464.105 360.6675,600.605 360.73,634.73"><aapt:attr name="android:interpolator"><pathInterpolator android:pathData="M 0.0,0.0 c0.167,0 0.833,1 1.0,1.0"/></aapt:attr></objectAnimator></set></aapt:attr></target><target android:name="_R_G_L_4_G_L_1_G"><aapt:attr name="android:animation"><set android:ordering="together"><objectAnimator android:propertyName="scaleX" android:duration="0" android:startOffset="2360" android:valueFrom="0" android:valueTo="1" android:valueType="floatType"/></set></aapt:attr></target><target android:name="_R_G_L_4_G_L_0_G"><aapt:attr name="android:animation"><set android:ordering="together"><objectAnimator android:propertyName="translateXY" android:duration="680" android:startOffset="2360" android:propertyXName="translateX" android:propertyYName="translateY" android:pathData="M 428.355,429.98C 428.4175,464.105 428.2925,395.855 428.355,429.98"><aapt:attr name="android:interpolator"><pathInterpolator android:pathData="M 0.0,0.0 c0.167,0 0.833,1 1.0,1.0"/></aapt:attr></objectAnimator><objectAnimator android:propertyName="translateXY" android:duration="200" android:startOffset="3040" android:propertyXName="translateX" android:propertyYName="translateY" android:pathData="M 428.355,429.98C 428.4175,464.105 428.6675,600.605 428.73,634.73"><aapt:attr name="android:interpolator"><pathInterpolator android:pathData="M 0.0,0.0 c0.167,0 0.833,1 1.0,1.0"/></aapt:attr></objectAnimator></set></aapt:attr></target><target android:name="_R_G_L_4_G_L_0_G"><aapt:attr name="android:animation"><set android:ordering="together"><objectAnimator android:propertyName="scaleX" android:duration="0" android:startOffset="2360" android:valueFrom="0" android:valueTo="1" android:valueType="floatType"/></set></aapt:attr></target><target android:name="_R_G_L_4_G"><aapt:attr name="android:animation"><set android:ordering="together"><objectAnimator android:propertyName="scaleX" android:duration="0" android:startOffset="2360" android:valueFrom="0" android:valueTo="1" android:valueType="floatType"/></set></aapt:attr></target><target android:name="_R_G_L_3_G"><aapt:attr name="android:animation"><set android:ordering="together"><objectAnimator android:propertyName="scaleX" android:duration="0" android:startOffset="2600" android:valueFrom="0" android:valueTo="1" android:valueType="floatType"/></set></aapt:attr></target><target android:name="_R_G_L_3_G"><aapt:attr name="android:animation"><set android:ordering="together"><objectAnimator android:propertyName="scaleY" android:duration="0" android:startOffset="4360" android:valueFrom="1" android:valueTo="0" android:valueType="floatType"/></set></aapt:attr></target><target android:name="_R_G_L_2_G"><aapt:attr name="android:animation"><set android:ordering="together"><objectAnimator android:propertyName="scaleX" android:duration="0" android:startOffset="2600" android:valueFrom="0" android:valueTo="1" android:valueType="floatType"/></set></aapt:attr></target><target android:name="_R_G_L_2_G"><aapt:attr name="android:animation"><set android:ordering="together"><objectAnimator android:propertyName="scaleY" android:duration="0" android:startOffset="4360" android:valueFrom="1" android:valueTo="0" android:valueType="floatType"/></set></aapt:attr></target><target android:name="time_group"><aapt:attr name="android:animation"><set android:ordering="together"><objectAnimator android:propertyName="translateX" android:duration="4720" android:startOffset="0" android:valueFrom="0" android:valueTo="1" android:valueType="floatType"/></set></aapt:attr></target></animated-vector>